[
    {
        "name": "Weather",
        "type": "weather",
        "args": {
            "location": "berlin",
            "update_interval": 60
        },
        "priority": 1,
        "home": true,
        "only_home": true,
        "async": true,
        "shortcut": false,
        "spawn_focus": false
    },
    {
        "name": "Teams Event",
        "type": "teams_event",
        "args": {
            "event_date": "now",
            "event_start": "-5 minutes",
            "event_end": "+15 minutes"
        },
        "priority": 1,
        "home": true
    },
    {
        "name": "Calculator",
        "type": "calculation",
        "args": {
            "capabilities": [
                "calc.math",
                "calc.units"
            ]
        },
        "priority": 1
    },
    {
        "name": "Spotify",
        "type": "audio_sink",
        "args": {},
        "async": true,
        "priority": 1,
        "home": true,
        "only_home": true,
        "spawn_focus": false
    },
    {
        "name": "Clipboard",
        "type": "clipboard-execution",
        "args": {
            "capabilities": [
                "url",
                "colors.hex",
                "colors.rgb",
                "colors.hsl",
                "calc.math",
                "calc.lengths",
                "calc.weights",
                "calc.temperatures"
            ]
        },
        "priority": 1,
        "home": true
    },
    {
        "name": "App Launcher",
        "alias": "app",
        "type": "app_launcher",
        "args": {},
        "priority": 2,
        "home": true
    },
    {
        "name": "Categories",
        "alias": "cat",
        "type": "categories",
        "args": {
            "Kill Processes": {
                "icon": "sherlock-process",
                "icon_class": "reactive",
                "exec": "kill",
                "search_string": "terminate;kill;process"
            },
            "Power Menu": {
                "icon": "battery-full-symbolic",
                "icon_class": "reactive",
                "exec": "pm",
                "search_string": "powermenu;"
            }
        },
        "priority": 3,
        "home": true
    },
    {
        "name": "Kill Process",
        "alias": "kill",
        "type": "process",
        "args": {},
        "priority": 0
    },
    {
        "name": "Power Management",
        "alias": "pm",
        "type": "command",
        "args": {
            "commands": {
                "Shutdown": {
                    "icon": "system-shutdown",
                    "icon_class": "reactive",
                    "exec": "systemctl poweroff",
                    "search_string": "Poweroff;Shutdown"
                },
                "Sleep": {
                    "icon": "system-suspend",
                    "icon_class": "reactive",
                    "exec": "systemctl suspend",
                    "search_string": "Sleep;"
                },
                "Lock": {
                    "icon": "system-lock-screen",
                    "icon_class": "reactive",
                    "exec": "systemctl suspend & swaylock",
                    "search_string": "Lock Screen;"
                },
                "Reboot": {
                    "icon": "system-reboot",
                    "icon_class": "reactive",
                    "exec": "systemctl reboot",
                    "search_string": "reboot;restart"
                },
                "Log Oout": {
                    "icon": "system-log-out",
                    "icon_class": "reactive",
                    "exec": "hyprctl dispatch exit",
                    "search_string": "logout;exit"
                }
            }
        },
        "priority": 5
    },
    {
        "name": "Web Search",
        "display_name": "Google Search",
        "tag_start": "{keyword}",
        "tag_end": "{keyword}",
        "alias": "gg",
        "type": "web_launcher",
        "args": {
            "search_engine": "google",
            "icon": "google"
        },
        "priority": 100
    },
    {
        "name": "Debug",
        "type": "debug",
        "alias": "debug",
        "args": {
            "commands": {
                "Show Errors": {
                    "icon": "sherlock-process",
                    "exec": "show_errors",
                    "search_string": "debug;errors"
                },
                "Clear Cache": {
                    "icon": "sherlock-process",
                    "exec": "clear_cache",
                    "search_string": "clear;cache;"
                },
                "Reset App Counts": {
                    "icon": "sherlock-process",
                    "exec": "reset_counts",
                    "search_string": "reset;clear;counts;appcounts"
                }
            }
        },
        "priority": 0
    },
    {
        "name": "Categories",
        "alias": "cat",
        "type": "categories",
        "args": {
            "categories": {
                "Kill Processes": {
                    "icon": "sherlock-process",
                    "exec": "kill",
                    "search_string": "terminate;kill;process"
                },
                "Power Menu": {
                    "icon": "battery-full-symbolic",
                    "icon_class": "reactive",
                    "exec": "pm",
                    "search_string": "powermenu;"
                },
                "Debug": {
                    "icon": "tools-report-bug",
                    "icon_class": "reactive",
                    "exec": "debug",
                    "search_string": "debug;error"
                }
            }
        },
        "priority": 3,
        "home": true
    }
]
