<?xml version="1.0" encoding="UTF-8"?>
<gresources>
    <gresource prefix="/dev/skxxtz/sherlock">
        <file alias="main.css">main.css</file>
        <file alias="fallback.json">fallback.json</file>
        <file alias="ui/tile.ui">ui/tile.ui</file>
        <file alias="ui/calc_tile.ui">ui/calc_tile.ui</file>
        <file alias="ui/bulk_text_tile.ui">ui/bulk_text_tile.ui</file>
        <file alias="ui/simple_text_tile.ui">ui/simple_text_tile.ui</file>
        <file alias="ui/text_view_tile.ui">ui/text_view_tile.ui</file>
        <file alias="ui/search.ui">ui/search.ui</file>
        <file alias="ui/event_tile.ui">ui/event_tile.ui</file>
        <file alias="ui/mpris_tile.ui">ui/mpris_tile.ui</file>
        <file alias="ui/error_tile.ui">ui/error_tile.ui</file>
        <file alias="ui/error_view.ui">ui/error_view.ui</file>
        <file alias="ui/window.ui">ui/window.ui</file>
        <file alias="ui/weather_tile.ui">ui/weather_tile.ui</file>
    </gresource>
    <gresource prefix="/org/gtk/libgtk/icons/">
        <file alias="google.svg">icons/google.svg</file>
        <file alias="sherlock-process.svg">icons/sherlock-process.svg</file>
        <file alias="sherlock-bookmark.svg">icons/sherlock-bookmark.svg</file>
        <file alias="bing.svg">icons/bing.svg</file>
        <file alias="duckduckgo.svg">icons/duckduckgo.svg</file>
        <file alias="wikipedia.svg">icons/wikipedia.svg</file>
    </gresource>
</gresources>

